Outil;Description;Score_utilite;Niveau_maturite;Source
Power BI;Intégré-AI intégrée formules pour analyste;8;Emergent;2
Tableau;Leader visualisation interactive;9;Mature;3
Qlik Sense;Moteur associatif exploration libre;8;Mature;3
Domo;Cloud-native temps réel;7;Croissance;5
Looker;Google Cloud moderne collaboration;7;Croissance;17
TIBCO Spotfire;Analytics avancés IA predictive;7;Emergent;3
Sisense;In-chip technology données complexes;6;Emergent;5
IBM Cognos;AI-fueled cycle analytics complet;6;Mature;5
Google Data Studio;Gratuit web-based Google services;6;Mature;5
SAS Analytics;Predictive analytics avancé;7;Mature;5
