Code;Nom;Site;URL
2;The best Business Intelligence (BI) Tools in 2025;apage-bi.com;https://www.apage-bi.com/en/post/best-business-intelligence-tools-2025
3;"Top 10 Data Visualization Tools in 2025: Features; Pros; Cons";devopsschool.com;https://www.devopsschool.com/blog/top-10-data-visualization-tools-in-2025-features-pros-cons-comparison/
5;Top 15 Business Intelligence Tools in 2025: An Overview;mopinion.com;https://mopinion.com/business-intelligence-bi-tools-overview/
6;Top Data Visualization Tools '22: Tableau vs Power BI vs Qlik;qlik.com;https://www.qlik.com/us/data-visualization/data-visualization-tools
7;Future of business intelligence: Trends to watch in 2025;indatalabs.com;https://indatalabs.com/blog/future-of-business-intelligence
10;BI Trends 2025: What to Expect in the Next Wave of Analytics;linkedin.com;https://www.linkedin.com/pulse/bi-trends-2025-what-expect-next-wave-analytics-innovation-yesnf
13;Power BI in 2025: Top Trends Shaping the Future of Business Intelligence;siraconsultinginc.com;https://siraconsultinginc.com/power-bi-in-2025-top-trends-shaping-the-future-of-business-intelligence/
17;Top 9 Business Intelligence Tools for Real-Time Analytics in 2025;estuary.dev;https://estuary.dev/blog/business-intelligence-tools/
22;10 Machine Learning Algorithms to Know in 2025;linkedin.com;https://www.linkedin.com/pulse/10-machine-learning-algorithms-know-2025-shravanthi-chitturi-kvcwc
23;What is Feature Engineering? - Machine Learning;geeksforgeeks.org;https://www.geeksforgeeks.org/machine-learning/what-is-feature-engineering/
24;Data Preprocessing Techniques and Steps - MATLAB & Simulink;mathworks.com;https://www.mathworks.com/discovery/data-preprocessing.html
25;"Machine Learning : principes; algorithmes et applications en 2025";rotek.fr;https://rotek.fr/machine-learning/
26;Feature engineering - Machine Learning Lens - AWS Documentation;docs.aws.amazon.com;https://docs.aws.amazon.com/wellarchitected/latest/machine-learning-lens/feature-engineering.html
27;Data Preprocessing in Machine Learning: Steps & Best Practices;lakefs.io;https://lakefs.io/blog/data-preprocessing-in-machine-learning/
28;Top AutoML Frameworks for task automation in 2025;geniusee.com;https://geniusee.com/single-blog/automl-frameworks
42;10 Must-Know Analytics & BI Trends for 2025;erpsoftwareblog.com;https://erpsoftwareblog.com/2025/04/10-must-know-analytics-bi-trends-for-2025/
43;"Embedded Analytics Market Size; Share and Report 2025-2033";imarcgroup.com;https://www.imarcgroup.com/embedded-analytics-market
44;Qu'est-ce qu'une Business Intelligence Platform ? - Salesforce;salesforce.com;https://www.salesforce.com/fr/resources/definition/business-intelligence-platform/
45;Top 10 Business Intelligence and Analytics Trends 2025;sranalytics.io;https://sranalytics.io/blog/business-intelligence-and-analytics-trends-2025/
46;Embedded Analytics Market Size & Share Analysis Report 2031;kbvresearch.com;https://www.kbvresearch.com/embedded-analytics-market/
47;BI grâce aux ERP Cloud : quelles avancées avec l'IA ?;cegid.com;https://www.cegid.com/fr/blog/bi-erp-cloud-quelles-avancees-ia/
48;9 Trends Shaping The Future Of Data Management In 2025;montecarlodata.com;https://www.montecarlodata.com/blog-data-management-trends
51;Data Governance: Trending Topics in 2025;datacrossroads.nl;https://datacrossroads.nl/2025/07/09/data-governance-trends-in-2025/
60;2025 BI Analyst: Key Skills Every Analyst Must Master;linkedin.com;https://www.linkedin.com/pulse/2025-bi-analyst-key-skills-every-must-master-walter-shields-vfn9e
63;Top 10 Business Intelligence Analyst Skills You Should Have in 2025;ccslearningacademy.com;https://www.ccslearningacademy.com/business-intelligence-analyst-skills/
66;The Skills You Need to Thrive as a Data Analyst in 2025;stackroutelearning.com;https://www.stackroutelearning.com/the-skills-you-need-to-thrive-as-a-data-analyst-in-2025/
68;Best Business Intelligence Courses & Certificates [2025];coursera.org;https://www.coursera.org/courses?query=business+intelligence
69;How to become Business Intelligence Analyst in 2025;geeksforgeeks.org;https://www.geeksforgeeks.org/gfg-academy/how-to-become-business-intelligence-analyst-in-2025/
