Tendance;Impact;Maturite;Description;Source
IA Générative;Haut;Emergente;Integration GPT Copilot génération insights;10
Data Mesh;Haut;Emergente;Décentralisation données domaine ownership;10
Embedded Analytics;Haut;Croissance;Analytics intégrées applications workflow;42
Self-Service BI;Haut;Mature;Démocratisation analytics utilisateurs métier;10
Real-Time Analytics;Haut;Croissance;Analyses temps réel streaming data;42
Cloud BI;Haut;Mature;Solutions cloud scalabilité flexibilité;44
Data Governance;Haut;Mature;Gouvernance adaptative automatisée;45
Mobile BI;Moyen;Croissance;Accès mobile BYOD ubiquité;7
BI-as-a-Service;Moyen;Croissance;XaaS cloud deployment agililité;7
Augmented Analytics;Haut;Emergente;ML automatise insights génération;10
